Blink Count,Time start,Time end
1,2.001258,2.001258
2,2.02135,2.02135
3,4.01495,4.105119
4,4.1251,4.1251
5,4.145192,4.145192
