TotalAverageLeft,TotalAverageRight,TotalAverageLFandRG,MinDiameterLeft,MinDiameterRight,MaxDiameterLeft,MaxDiameterRight
1.9017585825942855,0.9909388016880923,1.446348692141189,2.753356695175171,2.1751887798309326,6.098420143127441,7.08735466003418
