TotalAverageLeft,TotalAverageRight,TotalAverageLFandRG,MinDiameterLeft,MinDiameterRight,MaxDiameterLeft,MaxDiameterRight,AvgDilatationSpeedLeft,AvgDilatationSpeedRight
2.0485640792092132,2.2519661109852773,2.1502650950972453,1.635323166847229,1.8303319215774536,6.27751350402832,5.83154821395874,0.01934944041861052,-0.0004548880538512002
