TotalAverageLeft,TotalAverageRight,TotalAverageLFandRG,MinDiameterLeft,MinDiameterRight,MaxDiameterLeft,MaxDiameterRight,AvgDilatationSpeedLeft,AvgDilatationSpeedRight
1.9017585825942855,0.9909388016880923,1.446348692141189,2.753356695175171,2.1751887798309326,6.098420143127441,7.08735466003418,0.10259364795553254,0.09659982224314498
